{
"oocyte area 1":
{ "position": [100.57727999269846,175.98713200547357,156.594715403799],
"view": [ 1.1448819569195556, 0.49628416666682595, -3.503468984274569, 786.1359882274049, 2.2439825975716388, 2.7452855413443498, 1.122184027430138, -536.5566833781028, 2.7358974760859938, -2.459361078723395, 0.545669934983422, 72.19774815366146
]},
"oocyte area 2":
{ "position": [174.65567848120966,169.67801710281327,150.45674040106002],
"view": [ 0.5722839672552034, 2.306772994432063, -2.8605308958512583, 461.0248422198772, 3.6747483099683613, -0.35296331885002785, 0.45054339088379636, 107.28716672568123, 0.007969463303204666, -2.8957836315656142, -2.333606916331315, 841.0658025510635
]},
"oocyte area 3":
{ "position": [214.7911269872615,203.3199790022011,72.85910957519977],
"view": [ 0.30496601218974995, 0.5789028678271181, -3.661040124632431, 948.5336112178263, 3.6644765230891903, -0.5988526573445441, 0.21055854211491815, 191.32055961207095, -0.5567361460110732, -3.624581983836335, -0.6195142446399605, 901.6691733152431
]},
"Adrian - area 1":
{"position": [99.54154269151043,175.1244402983359,154.46561165882827],
 "view": [ 2.905509594542476, 0.10047520345876518, 0.014120868960987465, -25.995759776533816, 0.0, -0.4046152608262552, 2.878987176097728, 63.15350597450487, 0.10146263080707917, -2.87723337489768, -0.40436878014169864, 556.2352085508942
]},
"Adrian - area 2":
{"position": [219.88214980641825,198.4687792241783,70.19435196406765],
 "view": [ 0.30496601218975, 0.5789028678271178, -3.6610401246324304, 539.0336112178264, 3.66447652308919, -0.5988526573445443, 0.2105585421149184, -328.6794403879287, -0.5567361460110731, -3.6245819838363347, -0.6195142446399604, 885.2691031248133
]}
}
