{
  "oocyte area 1":
 { "position": [124.36126889186835,155.46052920566706,53.22730403301739],
 "view": [  -0.40469430734114736, -4.084230460380698, 2.1716238568635213, 1001.6752430683207, 0.0, 2.1799191072019974, 4.099831557228943, -154.11435881195177, -4.625677099539085, 0.3573238645105768, -0.18999246891800212, 529.8181034151914
]},
"oocyte area 2":
 { "position": [113.51210551238972,154.59499582483159,69.77122304348731],
 "view": [  -3.2510311177447573, -2.4524971318430953, 0.08842476085108894, 1202.0056674072916, -0.2008633972012167, 0.4121938653060587, 4.047408375941787, 44.68468570475716, -2.445856703835071, 3.226006584661656, -0.449923269680054, -189.69843345143335
]},
"oocyte area 3":
 { "position": [124.95728267539647,155.14474858567854,53.57304435393593],
 "view": [  -3.6522524239346836, 1.7458233750970094, 0.45267805712560405, 692.2688683026385, -0.6444337930484155, -2.21809565332165, 3.355073949657106, 440.91106260138747, 1.684494513738573, 2.9366506200526143, 2.2650222554103405, -787.4399170021754
]},
"oocyte area 4":
 { "position": [111.69805818210389,160.41705761758416,56.598251418174456],
 "view": [  -3.6522524239346836, 1.7458233750970094, 0.45267805712560405, 692.2688683026385, -0.6444337930484155, -2.21809565332165, 3.355073949657106, 440.91106260138747, 1.684494513738573, 2.9366506200526143, 2.2650222554103405, -787.4399170021754
]},
"oocyte area 5":
 { "position": [114.3109437820151,154.06417222164856,69.94044102423277],
 "view": [  -3.8526380872840713, 1.263202931852888, -0.3914876370222877, 852.1651997529784, -1.2738652081884014, -3.2207746237954584, 2.1437450181066895, 754.8882385167444, 0.35526278773626774, 2.150045028423453, 3.4413455473079626, -612.5445573955913
 ]}
}
