{
"oocyte area 1":
{ "position": [154.37439794464916,125.08916905628416,158.40592566728367],
"view": [  -1.1110177633346663, 4.323685166877866, -1.0780157875803424, 179.43060225047617, 0.0, 1.1110177633346656, 4.4560488620023175, -287.84083362642764, 4.4560488620023175, 1.078015787580343, -0.2687795233508254, -780.1716901847287
]},
"oocyte area 2":
{ "position": [151.5222031364753,126.29468304290417,145.1237970961219],
"view": [  -4.303181332714157, 0.9339381445060542, -1.304270635648257, 1159.3568011727807, -1.153310311393614, 0.7941497343238831, 4.373777938590822, -47.28403180621558, 1.1150056835778388, 4.425812656756634, -0.5095847170777599, -653.951855293281
]},
"Adrian - area 1":
{"position": [152.34844311233132,125.64722213638203,151.5180613645431],
 "view": [ -4.303181332714159, 0.9339381445060543, -1.304270635648257, 1144.8568011727807, -1.1533103113936143, 0.7941497343238819, 4.373777938590823, -222.78403180621564, 1.1150056835778392, 4.4258126567566345, -0.509584717077759, -648.7491575393752
]}
}
