{
"oocyte area 1":
{ "position": [115.26644077382196,153.31251251038006,68.4288616022512],
"view": [ 3.6726595618037723, -0.7254163622746087, 3.745495491478929, -232.4189833648726, 3.4048694174899246, 2.968515949831872, -2.7637241066519254, -62.45932334867166, -1.7209966952863485, 4.324936738172183, 2.5251705324344758, -637.4882990144997
]},
"oocyte area 2":
{ "position": [126.52084423965366,157.70399165772906,52.637108065857355],
"view": [ 3.6726595618037723, -0.7254163622746087, 3.745495491478929, -232.4189833648726, 3.4048694174899246, 2.968515949831872, -2.7637241066519254, -62.45932334867166, -1.7209966952863485, 4.324936738172183, 2.5251705324344758, -597.2355066561013
]},
"oocyte area 3":
{ "position": [100.12065950988551,125.12168723482259,69.18928326234315],
"view": [ -0.01737707755109641, 2.3191997585042894, 4.760714667944594, -292.83281804548983, 2.7985995722463577, 4.045634802940913, -1.9606307933186025, -194.7396480254813, -4.495657026915162, 2.509491014855459, -1.2389174205577371, 221.83620493527565
]},
"oocyte area 4":
{ "position": [93.86001210881825,151.1045544048499,120.39783287071243],
"view": [ -0.2622816793535186, 2.4322683691179745, 4.696666108370602, -277.3774876736833, 2.478181142984888, 4.210833083982726, -2.0422773057653125, -176.99240718163537, -4.672603147655812, 2.096747231231773, -1.3467830207915032, 283.89228899416565
]}
}
